,Unnamed: 0,names,is_male,predicted_is_male
0,0,Benji,1,1
1,1,Amar,1,1
2,2,Roberto,1,1
3,3,Wille,1,1
4,4,Arian,1,1
5,5,Hubert,1,1
6,6,Taym,1,1
7,7,Yakup,1,1
8,8,Jim,1,1
9,9,Adrian,1,1
10,10,Damon,1,1
11,11,Yosef,1,1
12,12,Eymen,1,1
13,13,Henry,1,1
14,14,Suleiman,1,1
15,15,Hanad,1,1
16,16,Zackarias,1,1
17,17,Hussein,1,1
18,18,Alessandro,1,1
19,19,Ingemar,1,1
20,20,Petrus,1,1
21,21,Wictor,1,1
22,22,Johannes,1,1
23,23,Richard,1,1
24,24,Lexus,1,1
25,25,Yoel,1,1
26,26,Mohammed,1,1
27,27,Enzo,1,1
28,28,Edmond,1,1
29,29,Jan,1,1
30,30,Kaspar,1,1
31,31,Svante,1,1
32,32,Johan,1,1
33,33,Birger,1,1
34,34,Mohammad,1,1
35,35,Widar,1,1
36,36,Sigge,1,1
37,37,Jones,1,1
38,38,Khaled,1,1
39,39,Kaan,1,1
40,40,Kamal,1,1
41,41,Marcelo,1,1
42,42,Konstantinos,1,1
43,43,Fares,1,1
44,44,Falke,1,1
45,45,Moltas,1,1
46,46,Abdirahman,1,1
47,47,Mario,1,1
48,48,Michel,1,1
49,49,Kaspian,1,1
50,50,Mehmet,1,1
51,51,Oskar,1,1
52,52,Alessio,1,1
53,53,Devin,1,1
54,54,Elyas,1,1
55,55,Cornelius,1,1
56,56,Linus,1,1
57,57,Lasse,1,1
58,58,Eije,1,1
59,59,Niilo,1,1
60,60,Hadi,1,1
61,61,Aleks,1,1
62,62,Baran,1,1
63,63,Hussain,1,1
64,64,Darin,1,1
65,65,Maxwell,1,1
66,66,Erik,1,1
67,67,Gösta,1,1
68,68,Jakob,1,1
69,69,Yaman,1,1
70,70,Caspian,1,1
71,71,Alfons,1,1
72,72,Azad,1,1
73,73,Hjalmar,1,1
74,74,Lars,1,1
75,75,Luca,1,1
76,76,Ola,1,1
77,77,Zayn,1,1
78,78,Dio,1,1
79,79,Roni,1,1
80,80,Texas,1,1
81,81,Aland,1,1
82,82,Saleh,1,1
83,83,Egon,1,1
84,84,Tristan,1,1
85,85,Miliam,1,1
86,86,Edwin,1,1
87,87,Dominic,1,1
88,88,Helmer,1,1
89,89,Milton,1,1
90,90,Sakarias,1,1
91,91,Hassan,1,1
92,92,Lex,1,1
93,93,Frans,1,1
94,94,Colin,1,1
95,95,Harun,1,1
96,96,Ledion,1,1
97,97,Munir,1,1
98,98,Vilmer,1,1
99,99,Arvid,1,1
100,100,Alwin,1,1
101,101,Lionel,1,1
102,102,Imran,1,1
103,103,Mohamad,1,1
104,104,Sid,1,1
105,105,Lorens,1,1
106,106,Anthony,1,1
107,107,Gottfrid,1,1
108,108,Joar,1,1
109,109,Million,1,1
110,110,Yahye,1,1
111,111,Nils,1,1
112,112,Aksel,1,1
113,113,Laban,1,1
114,114,Loe,1,1
115,115,Niklas,1,1
116,116,Yunus,1,1
117,117,Jonatan,1,1
118,118,Sixten,1,1
119,119,Alexander,1,1
120,120,Ricky,1,1
121,121,Dawid,1,1
122,122,Gilbert,1,1
123,123,Theodor,1,1
124,124,Ragnar,1,1
125,125,Lorik,1,1
126,126,Malek,1,1
127,127,Arman,1,1
128,128,Filip,1,1
129,129,Mathias,1,1
130,130,Yones,1,1
131,131,Jens,1,1
132,132,Kristoffer,1,1
133,133,Lias,1,1
134,134,Melwin,1,1
135,135,Enes,1,1
136,136,Bille,1,1
137,137,Kevin,1,1
138,138,Leandro,1,1
139,139,Arion,1,1
140,140,Gunnar,1,1
141,141,Luke,1,1
142,142,Jesse,1,1
143,143,Maxim,1,1
144,144,Willy,1,1
145,145,Ilias,1,1
146,146,Amer,1,1
147,147,Malte,1,1
148,148,Johnny,1,1
149,149,Adem,1,1
150,150,Gustav,1,1
151,151,Adel,1,1
152,152,Luan,1,1
153,153,Sami,1,1
154,154,Isak,1,1
155,155,Haron,1,1
156,156,Elwin,1,1
157,157,Lorentz,1,1
158,158,Nicklas,1,1
159,159,Igor,1,1
160,160,Adam,1,1
161,161,Mir,1,1
162,162,Nicholas,1,1
163,163,Omar,1,1
164,164,Magnus,1,1
165,165,Xander,1,1
166,166,Yasser,1,1
167,167,Albert,1,1
168,168,Mattis,1,1
169,169,Esrom,1,1
170,170,Daris,1,1
171,171,Eyvind,1,1
172,172,Aryan,1,1
173,173,David,1,1
174,174,Nilo,1,1
175,175,Niko,1,1
176,176,Ethan,1,1
177,177,Zeke,1,1
178,178,Jimmie,1,1
179,179,Dion,1,1
180,180,Herman,1,1
181,181,Romeo,1,1
182,182,Kilian,1,1
183,183,Norton,1,1
184,184,River,1,1
185,185,Jeremiah,1,1
186,186,Christoffer,1,1
187,187,Agaton,1,1
188,188,Masud,1,1
189,189,Nael,1,1
190,190,Denniz,1,1
191,191,Vide,1,1
192,192,Marc,1,1
193,193,Maddox,1,1
194,194,Mauritz,1,1
195,195,Olof,1,1
196,196,Younes,1,1
197,197,Viking,1,1
198,198,Maximiliam,1,1
199,199,Lorent,1,1
200,200,Oliver,1,1
201,201,Damian,1,1
202,202,Adis,1,1
203,203,Dennis,1,1
204,204,Olov,1,1
205,205,Bobby,1,1
206,206,Maximillian,1,1
207,207,León,1,1
208,208,Louie,1,1
209,209,Razmus,1,1
210,210,Amos,1,1
211,211,Ellioth,1,1
212,212,Loui,1,1
213,213,Per,1,1
214,214,Elijah,1,1
215,215,Simon,1,1
216,216,Dante,1,1
217,217,Lewis,1,1
218,218,Robert,1,1
219,219,Jerry,1,1
220,220,Jasper,1,1
221,221,Timmy,1,1
222,222,Ömer,1,1
223,223,Marwan,1,1
224,224,Noam,1,1
225,225,Kacper,1,1
226,226,Felipe,1,1
227,227,Georg,1,1
228,228,Diego,1,1
229,229,Deniz,1,1
230,230,Andi,1,1
231,231,John,1,1
232,232,Buster,1,1
233,233,Kenan,1,1
234,234,Ridwan,1,1
235,235,Alan,1,1
236,236,Milas,1,1
237,237,Eldin,1,1
238,238,Didrik,1,1
239,239,Aydin,1,1
240,240,Murad,1,1
241,241,Paul,1,1
242,242,Dewin,1,1
243,243,Charbel,1,1
244,244,Matheus,1,1
245,245,Milo,1,1
246,246,Nemo,1,1
247,247,Isaac,1,1
248,248,Sigurd,1,1
249,249,Kristian,1,1
250,250,Isac,1,1
251,251,Loa,1,1
252,252,Nima,1,1
253,253,Olliver,1,1
254,254,Nino,1,1
255,255,Muhamed,1,1
256,256,Jason,1,1
257,257,Fabian,1,1
258,258,Linton,1,1
259,259,Douglas,1,1
260,260,Wiggo,1,1
261,261,Kelian,1,1
262,262,Assar,1,1
263,263,Joseph,1,1
264,264,Ismael,1,1
265,265,Herbert,1,1
266,266,Nathanael,1,1
267,267,Silas,1,1
268,268,Nabil,1,1
269,269,Tony,1,1
270,270,Ari,1,1
271,271,Ayman,1,1
272,272,Jayden,1,1
273,273,Ralph,1,1
274,274,Kasper,1,1
275,275,Henning,1,1
276,276,Sean,1,1
277,277,Ian,1,1
278,278,Abraham,1,1
279,279,Ruben,1,1
280,280,Nore,1,1
281,281,Adnan,1,1
282,282,Dominik,1,1
283,283,Eddie,1,1
284,284,Salim,1,1
285,285,Karam,1,1
286,286,Gusten,1,1
287,287,Lio,1,1
288,288,Anas,1,1
289,289,Fredric,1,1
290,290,Malik,1,1
291,291,Jeremy,1,1
292,292,Edmund,1,1
293,293,Nicolai,1,1
294,294,Abdirahim,1,1
295,295,Benjamin,1,1
296,296,Kimi,1,1
297,297,Max,1,1
298,298,Gillis,1,1
299,299,Maher,1,1
300,300,Charles,1,1
301,301,Adil,1,1
302,302,Freddy,1,1
303,303,Sonny,1,1
304,304,Emre,1,1
305,305,Luqman,1,1
306,306,Villiam,1,1
307,307,Markus,1,1
308,308,Matias,1,1
309,309,Ture,1,1
310,310,Liam,1,1
311,311,Ishak,1,1
312,312,Ayub,1,1
313,313,Mostafa,1,1
314,314,Musab,1,1
315,315,Miro,1,1
316,316,Ilon,1,1
317,317,Frode,1,1
318,318,Victor,1,1
319,319,Ayaan,1,1
320,320,Marcus,1,1
321,321,Mahmoud,1,1
322,322,Christofer,1,1
323,323,Dani,1,1
324,324,Pär,1,1
325,325,Zein,1,1
326,326,Danyar,1,1
327,327,Eskil,1,1
328,328,Finn,1,1
329,329,Ajan,1,1
330,330,Tiam,1,1
331,331,Aron,1,1
332,332,Ben,1,1
333,333,Milad,1,1
334,334,Wilhelm,1,1
335,335,Evan,1,1
336,336,Ivar,1,1
337,337,Elliott,1,1
338,338,Moses,1,1
339,339,Göte,1,1
340,340,Ludde,1,1
341,341,Mehdi,1,1
342,342,Ajdin,1,1
343,343,Aram,1,1
344,344,Maximus,1,1
345,345,Alve,1,1
346,346,Manne,1,1
347,347,Stefan,1,1
348,348,Andrew,1,1
349,349,Alf,1,1
350,350,Jonathan,1,1
351,351,Marwin,1,1
352,352,Wincent,1,1
353,353,Anwar,1,1
354,354,Rex,1,1
355,355,Rafael,1,1
356,356,Zacharias,1,1
357,357,Nikolaj,1,1
358,358,Thim,1,1
359,359,Altin,1,1
360,360,Cesar,1,1
361,361,Edgar,1,1
362,362,Anthon,1,1
363,363,Mateo,1,1
364,364,Taim,1,1
365,365,Ayaz,1,1
366,366,Winston,1,1
367,367,Allan,1,1
368,368,Zack,1,1
369,369,Dag,1,1
370,370,Eldar,1,1
371,371,Josef,1,1
372,372,Haidar,1,1
373,373,Wiktor,1,1
374,374,Jimmy,1,1
375,375,Leonard,1,1
376,376,Joshua,1,1
377,377,Said,1,1
378,378,Franz,1,1
379,379,Joacim,1,1
380,380,Jonny,1,1
381,381,Mio,1,1
382,382,Ceasar,1,1
383,383,Tyr,1,1
384,384,Yasin,1,1
385,385,Noar,1,1
386,386,Sigvard,1,1
387,387,Joel,1,1
388,388,Tyko,1,1
389,389,Mikael,1,1
390,390,Muad,1,1
391,391,Leonardo,1,1
392,392,Zakariya,1,1
393,393,Zakk,1,1
394,394,Ismail,1,1
395,395,Teodor,1,1
396,396,Zion,1,1
397,397,Claes,1,1
398,398,Leonell,1,1
399,399,Cooper,1,1
400,400,Antoni,1,1
401,401,Joakim,1,1
402,402,André,1,1
403,403,Mayar,1,1
404,404,Diesel,1,1
405,405,Tarik,1,1
406,406,Zebastian,1,1
407,407,Aran,1,1
408,408,Jaxon,1,1
409,409,Levin,1,1
410,410,Ahmad,1,1
411,411,Arild,1,1
412,412,Aldin,1,1
413,413,Robin,1,1
414,414,Eliot,1,1
415,415,Erland,1,1
416,416,Lucas,1,1
417,417,Darian,1,1
418,418,Teddy,1,1
419,419,Birk,1,1
420,420,Henri,1,1
421,421,Jibril,1,1
422,422,Aston,1,1
423,423,Daniel,1,1
424,424,Lucaz,1,1
425,425,Sven,1,1
426,426,Theodore,1,1
427,427,Niclas,1,1
428,428,Acke,1,1
429,429,Anton,1,1
430,430,Khalil,1,1
431,431,Jackson,1,1
432,432,Maksymilian,1,1
433,433,Emmet,1,1
434,434,Christos,1,1
435,435,Tor,1,1
436,436,Loah,1,1
437,437,Folke,1,1
438,438,Emir,1,1
439,439,Lennon,1,1
440,440,Elian,1,1
441,441,Calle,1,1
442,442,Kion,1,1
443,443,Amir,1,1
444,444,James,1,1
445,445,Valentin,1,1
446,446,Cazper,1,1
447,447,Hampus,1,1
448,448,Elias,1,1
449,449,Enar,1,1
450,450,Patrick,1,1
451,451,Valdemar,1,1
452,452,Michael,1,1
453,453,Elmin,1,1
454,454,Osman,1,1
455,455,Tobias,1,1
456,456,Adonay,1,1
457,457,Brandon,1,1
458,458,Egil,1,1
459,459,Elio,1,1
460,460,Ingo,1,1
461,461,Titus,1,1
462,462,Alen,1,1
463,463,Franke,1,1
464,464,Ensar,1,1
465,465,Ibrahim,1,1
466,466,Denver,1,1
467,467,Khalid,1,1
468,468,Valde,1,1
469,469,Olle,1,1
470,470,Evald,1,1
471,471,Franklin,1,1
472,472,Mert,1,1
473,473,Nelson,1,1
474,474,Nick,1,1
475,475,Elof,1,1
476,476,Wilson,1,1
477,477,Louis,1,1
478,478,Eliaz,1,1
479,479,Zeb,1,1
480,480,Frej,1,1
481,481,Harry,1,1
482,482,Adin,1,1
483,483,Lorian,1,1
484,484,Rasmus,1,1
485,485,Albus,1,1
486,486,Viktor,1,1
487,487,Adriano,1,1
488,488,Angelo,1,1
489,489,Raman,1,1
490,490,Stig,1,1
491,491,Munasar,1,1
492,492,Boris,1,1
493,493,Roy,1,1
494,494,Vinston,1,1
495,495,Georgios,1,1
496,496,Carlos,1,1
497,497,Mahdi,1,1
498,498,Diar,1,1
499,499,Elliot,1,1
500,500,Bill,1,1
501,501,Nahom,1,1
502,502,Yousuf,1,1
503,503,Haris,1,1
504,504,Kaleb,1,1
505,505,Vincent,1,1
506,506,Alvin,1,1
507,507,Abdulahi,1,1
508,508,Ryan,1,1
509,509,Vince,1,1
510,510,Caspar,1,1
511,511,Efe,1,1
512,512,Mats,1,1
513,513,Frank,1,1
514,514,Saif,1,1
515,515,Collin,1,1
516,516,Rami,1,1
517,517,Vile,1,1
518,518,Jacob,1,1
519,519,Troy,1,1
520,520,Danny,1,1
521,521,Dylan,1,1
522,522,Amandus,1,1
523,523,Arda,1,1
524,524,Shayan,1,1
525,525,Neo,1,1
526,526,Valter,1,1
527,527,Ted,1,1
528,528,Eliah,1,1
529,529,Malcolm,1,1
530,530,Filiph,1,1
531,531,Mingus,1,1
532,532,Matin,1,1
533,533,Albin,1,1
534,534,Eric,1,1
535,535,Elton,1,1
536,536,Selim,1,1
537,537,Maksim,1,1
538,538,Leevi,1,1
539,539,Arham,1,1
540,540,George,1,1
541,541,Rickard,1,1
542,542,Leonidas,1,1
543,543,Yusuf,1,1
544,544,Lazar,1,1
545,545,Petter,1,1
546,546,Natnael,1,1
547,547,Patric,1,1
548,548,Salmaan,1,1
549,549,Teo,1,1
550,550,Hilding,1,1
551,551,Lincoln,1,1
552,552,Edvin,1,1
553,553,Pelle,1,1
554,554,Aziz,1,1
555,555,Ahmed,1,1
556,556,Adian,1,1
557,557,Kelvin,1,1
558,558,Rune,1,1
559,559,Ubbe,1,1
560,560,Matheo,1,1
561,561,Emmanuel,1,1
562,562,Samuel,1,1
563,563,Yonis,1,1
564,564,Viggo,1,1
565,565,Milan,1,1
566,566,Erjon,1,1
567,567,Leart,1,1
568,568,Måns,1,1
569,569,Kai,1,1
570,570,Muhammad,1,1
571,571,Andrej,1,1
572,572,Yazan,1,1
573,573,Matthias,1,1
574,574,Ludvig,1,1
575,575,Danial,1,1
576,576,Vidar,1,1
577,577,Cornelis,1,1
578,578,Ask,1,1
579,579,Bo,1,1
580,580,Even,1,1
581,581,Leon,1,1
582,582,Steven,1,1
583,583,Jakub,1,1
584,584,Dorian,1,1
585,585,Ezra,1,1
586,586,Fred,1,1
587,587,Joachim,1,1
588,588,Hector,1,1
589,589,Yasir,1,1
590,590,Justin,1,1
591,591,Tore,1,1
592,592,Sultan,1,1
593,593,Alex,1,1
594,594,Kian,1,1
595,595,Patrik,1,1
596,596,Vilton,1,1
597,597,Abdullahi,1,1
598,598,Emanuel,1,1
599,599,Léon,1,1
600,600,Cevin,1,1
601,601,Florian,1,1
602,602,Ernst,1,1
603,603,Nathan,1,1
604,604,Mattias,1,1
605,605,Matteus,1,1
606,606,Amin,1,1
607,607,Hamza,1,1
608,608,Conrad,1,1
609,609,Marius,1,1
610,610,Emilian,1,1
611,611,Kalle,1,1
612,612,Axel,1,1
613,613,Marcel,1,1
614,614,Tino,1,1
615,615,Logan,1,1
616,616,Noak,1,1
617,617,Erion,1,1
618,618,Marley,1,1
619,619,Naod,1,1
620,620,Björn,1,1
621,621,Francis,1,1
622,622,Zaid,1,1
623,623,Miran,1,1
624,624,Vilde,1,1
625,625,Hannes,1,1
626,626,Olivier,1,1
627,627,Zain,1,1
628,628,Tyler,1,1
629,629,Killian,1,1
630,630,Aiden,1,1
631,631,Idris,1,1
632,632,Link,1,1
633,633,Izak,1,1
634,634,Bruno,1,1
635,635,Dexter,1,1
636,636,Wilmer,1,1
637,637,Marlon,1,1
638,638,Kenny,1,1
639,639,Ralf,1,1
640,640,Matteo,1,1
641,641,Pontus,1,1
642,642,Aleksander,1,1
643,643,Mårten,1,1
644,644,Samir,1,1
645,645,Yousif,1,1
646,646,Emin,1,1
647,647,Nicolas,1,1
648,648,Emil,1,1
649,649,Nico,1,1
650,650,Bernard,1,1
651,651,Elia,1,1
652,652,Freddie,1,1
653,653,Kingston,1,1
654,654,Ossian,1,1
655,655,Artin,1,1
656,656,Santiago,1,1
657,657,Abdallah,1,1
658,658,Isidor,1,1
659,659,Musa,1,1
660,660,Ante,1,1
661,661,Stellan,1,1
662,662,Alejandro,1,1
663,663,Edward,1,1
664,664,Otis,1,1
665,665,Totte,1,1
666,666,Malve,1,1
667,667,Muhammed,1,1
668,668,Wilton,1,1
669,669,Ward,1,1
670,670,Martin,1,1
671,671,Arve,1,1
672,672,Matti,1,1
673,673,Amel,1,1
674,674,Vigor,1,1
675,675,Elmer,1,1
676,676,Oscar,1,1
677,677,Mahamed,1,1
678,678,Leo,1,1
679,679,Hilmer,1,1
680,680,Laith,1,1
681,681,Odd,1,1
682,682,Yonatan,1,1
683,683,Ali,1,1
684,684,August,1,1
685,685,Lennox,1,1
686,686,Mark,1,1
687,687,Alfred,1,1
688,688,Teim,1,1
689,689,Kerem,1,1
690,690,Leonel,1,1
691,691,Sten,1,1
692,692,Levi,1,1
693,693,Julian,1,1
694,694,Agust,1,1
695,695,Milian,1,1
696,696,Elvin,1,1
697,697,Mason,1,1
698,698,Tom,1,1
699,699,Yassin,1,1
700,700,Walther,1,1
701,701,Danilo,1,1
702,702,Billy,1,1
703,703,Love,1,1
704,704,Evert,1,1
705,705,Arne,1,1
706,706,Eray,1,1
707,707,Harald,1,1
708,708,Jona,1,1
709,709,Sander,1,1
710,710,Jamal,1,1
711,711,Abdullah,1,1
712,712,Chris,1,1
713,713,Safwan,1,1
714,714,Marko,1,1
715,715,Aslan,1,1
716,716,Ellion,1,1
717,717,Walter,1,1
718,718,Wilde,1,1
719,719,Dino,1,1
720,720,Jake,1,1
721,721,Manuel,1,1
722,722,Benyamin,1,1
723,723,Brian,1,1
724,724,Valentino,1,1
725,725,Nathaniel,1,1
726,726,Elion,1,1
727,727,Rikard,1,1
728,728,Ayuub,1,1
729,729,Peter,1,1
730,730,Amadeus,1,1
731,731,Anes,1,1
732,732,Abbe,1,1
733,733,Lowe,1,1
734,734,Santino,1,1
735,735,Yamen,1,1
736,736,Edvard,1,1
737,737,Loke,1,1
738,738,Tiger,1,1
739,739,Oden,1,1
740,740,Aaron,1,1
741,741,Viljar,1,1
742,742,Tomas,1,1
743,743,Elis,1,1
744,744,Timmie,1,1
745,745,Ludwig,1,1
746,746,Hans,1,1
747,747,Nilas,1,1
748,748,Thure,1,1
749,749,Andréas,1,1
750,750,Bob,1,1
751,751,Alec,1,1
752,752,Lion,1,1
753,753,Aras,1,1
754,754,Ville,1,1
755,755,Konrad,1,1
756,756,Konstantin,1,1
757,757,Grim,1,1
758,758,Armin,1,1
759,759,Caesar,1,1
760,760,Lewi,1,1
761,761,Hugo,1,1
762,762,Jesper,1,1
763,763,Wilfred,1,1
764,764,Sam,1,1
765,765,Timothy,1,1
766,766,Matthew,1,1
767,767,Edin,1,1
768,768,Philippe,1,1
769,769,Ebbe,1,1
770,770,Sune,1,1
771,771,Jordan,1,1
772,772,Vilgot,1,1
773,773,Tommy,1,1
774,774,Jonas,1,1
775,775,Mohamed,1,1
776,776,Abbas,1,1
777,777,Anakin,1,1
778,778,Jovan,1,1
779,779,Christian,1,1
780,780,Mileon,1,1
781,781,Noel,1,1
782,782,Christopher,1,1
783,783,Håkan,1,1
784,784,Verner,1,1
785,785,Wilgot,1,1
786,786,Jon,1,1
787,787,Antonio,1,1
788,788,Kerim,1,1
789,789,Noah,1,1
790,790,Yousef,1,1
791,791,Bobo,1,1
792,792,Arvin,1,1
793,793,Akram,1,1
794,794,Dean,1,1
795,795,Odin,1,1
796,796,Klas,1,1
797,797,Marco,1,1
798,798,Sammy,1,1
799,799,Timo,1,1
800,800,Damien,1,1
801,801,Bertil,1,1
802,802,Artur,1,1
803,803,Hasan,1,1
804,804,Philip,1,1
805,805,Ilyas,1,1
806,806,Kewin,1,1
807,807,Fredrik,1,1
808,808,Atle,1,1
809,809,Mikail,1,1
810,810,Nikolas,1,1
811,811,Omer,1,1
812,812,Yahya,1,1
813,813,Andreas,1,1
814,814,Joud,1,1
815,815,Pascal,1,1
816,816,Astor,1,1
817,817,Majd,1,1
818,818,Raphael,1,1
819,819,Ayoub,1,1
820,820,Maximilian,1,1
821,821,Berat,1,1
822,822,Nikolai,1,1
823,823,Vilhelm,1,1
824,824,Dario,1,1
825,825,Thomas,1,1
826,826,Casper,1,1
827,827,Manfred,1,1
828,828,Lyon,1,1
829,829,Roman,1,1
830,830,Bosse,1,1
831,831,Mahir,1,1
832,832,Ivan,1,1
833,833,Eje,1,1
834,834,Hektor,1,1
835,835,Melvin,1,1
836,836,Lukas,1,1
837,837,Truls,1,1
838,838,Abdulrahman,1,1
839,839,Jamil,1,1
840,840,Ozzy,1,1
841,841,Natan,1,1
842,842,Lukaz,1,1
843,843,Gideon,1,1
844,844,Almir,1,1
845,845,Algot,1,1
846,846,Tim,1,1
847,847,Malcom,1,1
848,848,Miguel,1,1
849,849,Issa,1,1
850,850,Almin,1,1
851,851,Luka,1,1
852,852,Denis,1,1
853,853,Salman,1,1
854,854,Leopold,1,1
855,855,Eddy,1,1
856,856,Natanael,1,1
857,857,Bror,1,1
858,858,Travis,1,1
859,859,Emad,1,1
860,860,Otto,1,1
861,861,Erling,1,1
862,862,Bentley,1,1
863,863,Waldemar,1,1
864,864,Knut,1,1
865,865,Karl,1,1
866,866,Zander,1,1
867,867,Melker,1,1
868,868,Felix,1,1
869,869,Phoenix,1,1
870,870,Bastian,1,1
871,871,Carl,1,1
872,872,Sylvester,1,1
873,873,Valle,1,1
874,874,Sture,1,1
875,875,Gabriel,1,1
876,876,Beppe,1,1
877,877,Holger,1,1
878,878,Tage,1,1
879,879,Mike,1,1
880,880,Morris,1,1
881,881,Harley,1,1
882,882,Emrik,1,1
883,883,Jonah,1,1
884,884,Ramadan,1,1
885,885,Arthur,1,1
886,886,Novak,1,1
887,887,Ebbot,1,1
888,888,Carl-Johan,1,1
889,889,Scott,1,1
890,890,Oliwer,1,1
891,891,Aleksandar,1,1
892,892,Walid,1,1
893,893,Kid,1,1
894,894,Abel,1,1
895,895,Thor,1,1
896,896,Bilal,1,1
897,897,Eren,1,1
898,898,Zakaria,1,1
899,899,Henrik,1,1
900,900,Emmett,1,1
901,901,Theo,1,1
902,902,Jad,1,1
903,903,Rufus,1,1
904,904,Lorenzo,1,1
905,905,Anders,1,1
906,906,Gustaf,1,1
907,907,Thiago,1,1
908,908,Esey,1,1
909,909,Mustafa,1,1
910,910,Mille,1,1
911,911,Kaj,1,1
912,912,Pierre,1,1
913,913,Bruce,1,1
914,914,Julius,1,1
915,915,Morgan,1,1
916,916,Taha,1,1
917,917,Junior,1,1
918,918,Alvar,1,1
919,919,Atlas,1,1
920,920,William,1,1
921,921,Milio,1,1
922,922,Zakarias,1,1
923,923,Ilya,1,1
924,924,Aous,1,1
925,925,Arnold,1,1
926,926,Andy,1,1
927,927,Jack,1,1
928,928,Einar,1,1
929,929,Marvin,1,1
930,930,Enok,1,1
931,931,Karim,1,1
932,932,Alexandros,1,1
933,933,Arwid,1,1
934,934,Åke,1,1
935,935,Roger,1,1
936,936,Uno,1,1
937,937,Dan,1,1
938,938,Seth,1,1
939,939,Emilio,1,1
940,940,Henric,1,1
941,941,Torsten,1,1
942,942,Todd,1,1
943,943,Owen,1,1
944,944,Elvis,1,1
945,945,Levis,1,1
946,946,Gordon,1,1
947,947,Helge,1,1
948,948,Sebastian,1,1
949,949,Ingmar,1,1
950,950,Youssef,1,1
951,951,Ammar,1,1
952,952,Jax,1,1
953,0,fabian,0,1
954,1,jakob,0,1
955,2,marie,0,-1
956,3,faraan,0,-1
957,4,emily,0,-1
958,5,linus,0,1
959,6,abdul,0,1
960,7,georgina,0,-1
961,8,thomas pickett,0,1
